segment,income,spend,margin
A,2675.0,1500.0,1175.0
B,3900.0,2116.6666666666665,1783.3333333333333
C,5100.0,2600.0,2500.0
